date,usd,kbond,cd,gdp,gdp_rate,kospi,oil
2018-01-01,1066.6,2.119,1.66,449838,3,2479.65,60.24
2018-01-02,1063.21,2.119,1.66,449838,3,2479.65,60.37
2018-01-03,1064.8,2.127,1.66,449838,3,2486.35,61.63
2018-01-04,1062.28,2.142,1.66,449838,3,2466.46,62.01
2018-01-05,1062.09,2.099,1.66,449838,3,2497.52,61.44
2018-01-08,1068.86,2.135,1.66,449838,3,2513.28,61.73
2018-01-09,1071.97,2.149,1.66,449838,3,2510.23,62.96
2018-01-10,1070.14,2.172,1.66,449838,3,2499.75,63.57
2018-01-11,1065.58,2.152,1.66,449838,3,2487.91,63.8
2018-01-12,1059.99,2.174,1.66,449838,3,2496.42,64.3
2018-01-15,1063.43,2.223,1.66,449838,3,2503.73,64.73
2018-01-16,1064.65,2.225,1.66,449838,3,2521.74,63.73
2018-01-17,1067.36,2.227,1.65,449838,3,2515.43,63.97
2018-01-18,1070.69,2.172,1.65,449838,3,2515.81,63.95
2018-01-19,1067.66,2.17,1.65,449838,3,2520.26,63.37
2018-01-22,1069.4,2.203,1.65,449838,3,2502.11,63.49
2018-01-23,1073.89,2.192,1.65,449838,3,2536.6,64.47
2018-01-24,1064.98,2.197,1.65,449838,3,2538,65.61
2018-01-25,1066.06,2.215,1.65,449838,3,2562.23,65.51
2018-01-26,1064.67,2.222,1.65,449838,3,2574.76,66.14
2018-01-29,1070.95,2.281,1.65,449838,3,2598.19,65.56
2018-01-30,1073.23,2.304,1.65,449838,3,2567.74,64.5
2018-01-31,1070.08,2.274,1.65,449838,3,2566.46,64.73
2018-02-01,1070.94,2.249,1.65,449838,3,2568.54,65.8
2018-02-02,1089.95,2.25,1.65,449838,3,2525.39,65.45
2018-02-05,1094.84,2.287,1.65,449838,3,2491.75,64.15
2018-02-06,1080.06,2.253,1.65,449838,3,2453.31,63.39
2018-02-07,1090.24,2.248,1.65,449838,3,2396.56,61.79
2018-02-08,1097.58,2.272,1.65,449838,3,2407.62,61.15
2018-02-09,1085.67,2.278,1.65,449838,3,2363.77,59.2
2018-02-12,1082.6,2.302,1.65,449838,3,2385.38,59.29
2018-02-13,1085.05,2.278,1.65,449838,3,2395.19,59.19
2018-02-14,1070.91,2.265,1.65,449838,3,2421.83,60.6
2018-02-15,1064.14,2.265,1.65,449838,3,2421.83,61.34
2018-02-16,1067.19,2.265,1.65,449838,3,2421.83,61.68
2018-02-19,1067.41,2.302,1.65,449838,3,2442.82,62.38
2018-02-20,1074.91,2.316,1.65,449838,3,2415.12,61.9
2018-02-21,1076.02,2.306,1.65,449838,3,2429.65,61.68
2018-02-22,1080.72,2.303,1.65,449838,3,2414.28,62.77
2018-02-23,1077,2.285,1.65,449838,3,2451.52,63.55
2018-02-26,1070.67,2.263,1.65,449838,3,2457.65,63.91
2018-02-27,1081.45,2.258,1.65,449838,3,2456.14,63.01
2018-02-28,1085.21,2.266,1.65,449838,3,2427.36,61.64
2018-03-01,1082.84,2.266,1.65,449838,3,2427.36,60.99
2018-03-02,1079.69,2.29,1.65,449838,3,2402.16,61.25
2018-03-05,1077.67,2.311,1.65,449838,3,2375.06,62.57
2018-03-06,1063.96,2.312,1.65,449838,3,2411.41,62.6
2018-03-07,1067.43,2.297,1.65,449838,3,2401.82,61.15
2018-03-08,1074.11,2.286,1.65,449838,3,2433.08,60.12
2018-03-09,1065.38,2.293,1.65,449838,3,2459.45,62.04
2018-03-12,1065.02,2.305,1.65,449838,3,2484.12,61.36
2018-03-13,1066.88,2.301,1.65,449838,3,2494.49,60.71
2018-03-14,1064.55,2.274,1.65,449838,3,2486.08,60.96
2018-03-15,1069.78,2.268,1.65,449838,3,2492.38,61.19
2018-03-16,1070.53,2.276,1.65,449838,3,2493.97,62.34
2018-03-19,1073.49,2.275,1.65,449838,3,2475.03,62.06
2018-03-20,1071.91,2.286,1.65,449838,3,2485.52,63.4
2018-03-21,1064.76,2.291,1.65,449838,3,2484.97,65.17
2018-03-22,1081.21,2.256,1.65,449838,3,2496.02,64.3
2018-03-23,1083.87,2.223,1.65,449838,3,2416.76,65.88
2018-03-26,1075.69,2.244,1.65,449838,3,2437.08,65.55
2018-03-27,1075.13,2.232,1.65,449838,3,2452.06,65.25
2018-03-28,1064.56,2.222,1.65,449838,3,2419.29,64.38
2018-03-29,1063.08,2.227,1.65,449838,3,2436.37,64.94
2018-03-30,1061.26,2.216,1.65,449838,3,2445.85,64.94
2018-04-02,1057.16,2.225,1.65,473018,3.1,2444.16,63.01
2018-04-03,1054.94,2.193,1.65,473018,3.1,2442.43,63.51
2018-04-04,1058.28,2.168,1.65,473018,3.1,2408.06,63.37
2018-04-05,1062.63,2.175,1.65,473018,3.1,2437.52,63.54
2018-04-06,1070.76,2.156,1.65,473018,3.1,2429.58,62.06
2018-04-09,1069.71,2.167,1.65,473018,3.1,2444.08,63.42
2018-04-10,1064.82,2.185,1.65,473018,3.1,2450.74,65.51
2018-04-11,1066.82,2.165,1.65,473018,3.1,2444.22,66.82
2018-04-12,1071.04,2.156,1.65,473018,3.1,2442.71,67.07
2018-04-13,1071.68,2.155,1.65,473018,3.1,2455.07,67.39
2018-04-16,1070.68,2.169,1.65,473018,3.1,2457.49,66.22
2018-04-17,1067.12,2.178,1.65,473018,3.1,2453.77,66.52
2018-04-18,1065.12,2.196,1.65,473018,3.1,2479.98,68.47
2018-04-19,1067.21,2.195,1.65,473018,3.1,2486.1,68.29
2018-04-20,1071.1,2.2,1.65,473018,3.1,2476.33,68.38
2018-04-23,1081.2,2.235,1.65,473018,3.1,2474.11,68.64
2018-04-24,1077.28,2.227,1.65,473018,3.1,2464.14,67.7
2018-04-25,1082.21,2.246,1.65,473018,3.1,2448.81,68.05
2018-04-26,1077.69,2.234,1.65,473018,3.1,2475.64,68.19
2018-04-27,1067.86,2.201,1.65,473018,3.1,2492.4,68.1
2018-04-30,1070.45,2.216,1.65,473018,3.1,2515.38,68.57
2018-05-01,1073.48,2.216,1.65,473018,3.1,2515.38,67.25
2018-05-02,1079.85,2.237,1.65,473018,3.1,2505.61,67.93
2018-05-03,1075.56,2.246,1.65,473018,3.1,2487.25,68.43
2018-05-04,1074.11,2.28,1.65,473018,3.1,2461.38,69.72
2018-05-07,1080.03,2.28,1.65,473018,3.1,2461.38,70.73
2018-05-08,1078.56,2.311,1.65,473018,3.1,2449.81,69.06
2018-05-09,1079.38,2.309,1.65,473018,3.1,2443.98,71.14
2018-05-10,1065.8,2.276,1.65,473018,3.1,2464.16,71.36
2018-05-11,1067.98,2.286,1.65,473018,3.1,2477.71,70.7
2018-05-14,1070.94,2.309,1.65,473018,3.1,2476.11,70.96
2018-05-15,1080.82,2.312,1.65,473018,3.1,2458.54,71.31
2018-05-16,1077.74,2.285,1.65,473018,3.1,2459.82,71.49
2018-05-17,1082.59,2.262,1.65,473018,3.1,2448.45,71.49
2018-05-18,1081.37,2.231,1.65,473018,3.1,2460.65,71.28
2018-05-21,1077.69,2.251,1.65,473018,3.1,2465.57,72.24
2018-05-22,1076.54,2.251,1.65,473018,3.1,2465.57,72.13
2018-05-23,1077.25,2.235,1.65,473018,3.1,2471.91,71.84
2018-05-24,1081.69,2.191,1.65,473018,3.1,2466.01,70.71
2018-05-25,1078.38,2.198,1.65,473018,3.1,2460.8,67.88
2018-05-28,1075.24,2.208,1.65,473018,3.1,2478.96,67.05
2018-05-29,1084.37,2.189,1.65,473018,3.1,2457.25,66.73
2018-05-30,1077.1,2.192,1.65,473018,3.1,2409.03,68.21
2018-05-31,1080.59,2.195,1.65,473018,3.1,2423.01,67.04
2018-06-01,1071.88,2.193,1.65,473018,3.1,2438.96,65.81
2018-06-04,1070.48,2.213,1.65,473018,3.1,2447.76,64.75
2018-06-05,1071.95,2.201,1.65,473018,3.1,2453.76,65.52
2018-06-06,1066.88,2.201,1.65,473018,3.1,2453.76,64.73
2018-06-07,1072.19,2.217,1.65,473018,3.1,2470.58,65.95
2018-06-08,1074.93,2.189,1.65,473018,3.1,2451.58,65.74
2018-06-11,1076.88,2.223,1.65,473018,3.1,2470.15,66.1
2018-06-12,1081.84,2.223,1.65,473018,3.1,2468.83,66.36
2018-06-13,1086.03,2.223,1.65,473018,3.1,2468.83,66.64
2018-06-14,1089.15,2.227,1.65,473018,3.1,2423.48,66.89
2018-06-15,1103.42,2.186,1.65,473018,3.1,2404.04,65.06
2018-06-18,1103.51,2.178,1.65,473018,3.1,2376.24,65.85
2018-06-19,1111.89,2.164,1.65,473018,3.1,2340.11,65.07
2018-06-20,1109.98,2.163,1.65,473018,3.1,2363.91,66.22
2018-06-21,1110.55,2.149,1.65,473018,3.1,2337.83,65.54
2018-06-22,1112,2.147,1.65,473018,3.1,2357.22,68.58
2018-06-25,1115.47,2.143,1.65,473018,3.1,2357.88,68.08
2018-06-26,1118.52,2.148,1.65,473018,3.1,2350.92,70.53
2018-06-27,1123.57,2.122,1.65,473018,3.1,2342.03,72.76
2018-06-28,1121.35,2.115,1.65,473018,3.1,2314.24,73.45
2018-06-29,1115.04,2.122,1.65,473018,3.1,2326.13,74.15
2018-07-02,1118.88,2.123,1.65,485536,2.4,2271.54,73.94
2018-07-03,1114.99,2.138,1.65,485536,2.4,2272.76,74.14
2018-07-04,1116.4,2.116,1.65,485536,2.4,2265.46,74.13
2018-07-05,1119.33,2.093,1.65,485536,2.4,2257.55,72.94
2018-07-06,1115.52,2.101,1.65,485536,2.4,2272.87,73.8
2018-07-09,1113.32,2.107,1.65,485536,2.4,2285.8,73.85
2018-07-10,1114.22,2.095,1.65,485536,2.4,2294.16,74.11
2018-07-11,1128.23,2.054,1.65,485536,2.4,2280.62,70.38
2018-07-12,1124.58,2.09,1.65,485536,2.4,2285.06,70.33
2018-07-13,1130.14,2.105,1.65,485536,2.4,2310.9,71.01
2018-07-16,1128.46,2.088,1.65,485536,2.4,2301.99,68.06
2018-07-17,1127,2.094,1.65,485536,2.4,2297.92,68.08
2018-07-18,1131.16,2.087,1.65,485536,2.4,2290.11,68.76
2018-07-19,1135.55,2.089,1.65,485536,2.4,2282.29,69.46
2018-07-20,1127.9,2.077,1.65,485536,2.4,2289.19,70.46
2018-07-23,1134.19,2.077,1.65,485536,2.4,2269.31,67.89
2018-07-24,1127.41,2.092,1.65,485536,2.4,2280.2,68.52
2018-07-25,1117.79,2.079,1.65,485536,2.4,2273.03,69.3
2018-07-26,1124.38,2.071,1.65,485536,2.4,2289.06,69.61
2018-07-27,1115.89,2.112,1.65,485536,2.4,2294.99,68.69
2018-07-30,1117.81,2.128,1.65,485536,2.4,2293.51,70.13
2018-07-31,1113.25,2.123,1.65,485536,2.4,2295.26,68.76
2018-08-01,1119.49,2.124,1.65,485536,2.4,2307.07,67.66
2018-08-02,1128.21,2.113,1.65,485536,2.4,2270.2,68.96
2018-08-03,1123.34,2.108,1.65,485536,2.4,2287.68,68.49
2018-08-06,1126.7,2.097,1.65,485536,2.4,2286.5,69.01
2018-08-07,1117.94,2.082,1.65,485536,2.4,2300.16,69.17
2018-08-08,1117.26,2.07,1.65,485536,2.4,2301.45,66.94
2018-08-09,1123.7,2.05,1.65,485536,2.4,2303.71,66.81
2018-08-10,1130.17,2.04,1.65,485536,2.4,2282.79,67.63
2018-08-13,1137,2.051,1.65,485536,2.4,2248.45,67.2
2018-08-14,1128.21,2.063,1.65,485536,2.4,2258.91,67.04
2018-08-15,1133.97,2.063,1.65,485536,2.4,2258.91,65.01
2018-08-16,1127.25,2.05,1.65,485536,2.4,2240.8,65.46
2018-08-17,1119.69,1.997,1.65,485536,2.4,2247.05,65.91
2018-08-20,1118.17,1.985,1.65,485536,2.4,2247.88,66.43
2018-08-21,1116.61,1.919,1.65,485536,2.4,2270.06,67.35
2018-08-22,1117.76,1.962,1.65,485536,2.4,2273.33,67.86
2018-08-23,1124.62,1.963,1.65,485536,2.4,2282.6,67.83
2018-08-24,1114.51,1.963,1.65,485536,2.4,2293.21,68.72
2018-08-27,1109.05,1.963,1.65,485536,2.4,2299.3,68.87
2018-08-28,1108.3,1.965,1.65,485536,2.4,2303.12,68.53
2018-08-29,1110.64,1.955,1.65,485536,2.4,2309.03,69.51
2018-08-30,1114.79,1.98,1.65,485536,2.4,2307.35,70.25
2018-08-31,1115.63,1.916,1.65,485536,2.4,2322.88,69.8
2018-09-03,1112.1,1.922,1.65,485536,2.4,2307.03,70.12
2018-09-04,1118.36,1.917,1.65,485536,2.4,2315.72,69.87
2018-09-05,1119.84,1.9,1.65,485536,2.4,2291.77,68.72
2018-09-06,1122.06,1.912,1.65,485536,2.4,2287.61,67.77
2018-09-07,1128.57,1.919,1.65,485536,2.4,2281.58,67.75
2018-09-10,1129.9,1.918,1.65,485536,2.4,2288.66,67.54
2018-09-11,1123.99,1.923,1.65,485536,2.4,2283.2,69.25
2018-09-12,1120.25,1.893,1.65,485536,2.4,2282.92,70.37
2018-09-13,1120.01,1.921,1.65,485536,2.4,2286.23,68.59
2018-09-14,1121.66,1.96,1.65,485536,2.4,2318.25,68.99
2018-09-17,1126.33,1.967,1.65,485536,2.4,2303.01,68.91
2018-09-18,1122.82,1.98,1.65,485536,2.4,2308.98,69.85
2018-09-19,1118.95,1.996,1.65,485536,2.4,2308.46,71.12
2018-09-20,1117.13,2.035,1.65,485536,2.4,2323.45,70.8
2018-09-21,1114.95,2.022,1.65,485536,2.4,2339.17,70.78
2018-09-24,1120.12,2.022,1.65,485536,2.4,2339.17,72.08
2018-09-25,1117.88,2.022,1.65,485536,2.4,2339.17,72.28
2018-09-26,1115.55,2.022,1.65,485536,2.4,2339.17,71.57
2018-09-27,1114.15,2.006,1.65,485536,2.4,2355.43,72.12
2018-09-28,1110.15,2.005,1.65,485536,2.4,2343.07,73.25
2018-10-01,1113.76,2.022,1.65,489801,3.1,2338.88,75.3
2018-10-02,1118.51,2.015,1.65,489801,3.1,2309.57,75.23
2018-10-03,1125.5,2.015,1.65,489801,3.1,2309.57,76.41
2018-10-04,1133.53,2.066,1.65,489801,3.1,2274.49,74.33
2018-10-05,1132.13,2.084,1.65,489801,3.1,2267.52,74.34
2018-10-08,1134.63,2.091,1.65,489801,3.1,2253.83,74.29
2018-10-09,1132.12,2.091,1.65,489801,3.1,2253.83,74.96
2018-10-10,1143.3,2.059,1.65,489801,3.1,2228.61,73.17
2018-10-11,1135.55,2.012,1.65,489801,3.1,2129.67,70.97
2018-10-12,1131.3,2.05,1.66,489801,3.1,2161.85,71.34
2018-10-15,1131.87,2.051,1.67,489801,3.1,2145.12,71.78
2018-10-16,1123.24,2.048,1.68,489801,3.1,2145.12,71.92
2018-10-17,1128.53,2.023,1.68,489801,3.1,2167.51,69.75
2018-10-18,1138.6,1.981,1.69,489801,3.1,2148.31,68.65
2018-10-19,1132.15,1.989,1.7,489801,3.1,2156.26,69.12
2018-10-22,1133.25,2.009,1.7,489801,3.1,2161.71,69.17
2018-10-23,1135.78,1.989,1.7,489801,3.1,2106.1,66.43
2018-10-24,1139.86,2.007,1.7,489801,3.1,2097.58,66.82
2018-10-25,1137.38,1.982,1.7,489801,3.1,2063.3,67.33
2018-10-26,1140.28,1.968,1.7,489801,3.1,2027.15,67.59
2018-10-29,1143.74,1.894,1.7,489801,3.1,1996.05,67.04
2018-10-30,1139.69,1.931,1.7,489801,3.1,2014.69,66.18
2018-10-31,1142.02,1.939,1.7,489801,3.1,2029.69,65.31
2018-11-01,1124.31,1.942,1.7,489801,3.1,2024.46,63.69
2018-11-02,1118.1,1.982,1.7,489801,3.1,2096,63.14
2018-11-05,1120.56,1.982,1.7,489801,3.1,2076.92,63.1
2018-11-06,1121.93,1.984,1.7,489801,3.1,2089.62,62.21
2018-11-07,1116.43,1.964,1.7,489801,3.1,2078.69,61.67
2018-11-08,1121.68,1.966,1.7,489801,3.1,2092.63,60.67
2018-11-09,1130.69,1.96,1.7,489801,3.1,2086.09,60.19
2018-11-12,1139.35,1.945,1.7,489801,3.1,2080.44,59.93
2018-11-13,1131.49,1.94,1.7,489801,3.1,2071.23,55.69
2018-11-14,1132.7,1.922,1.7,489801,3.1,2068.05,56.25
2018-11-15,1127.93,1.943,1.7,489801,3.1,2088.06,56.46
2018-11-16,1121.4,1.947,1.7,489801,3.1,2092.4,56.46
2018-11-19,1125.68,1.942,1.7,489801,3.1,2100.56,56.76
2018-11-20,1130.25,1.94,1.7,489801,3.1,2082.58,53.43
2018-11-21,1128.12,1.946,1.7,489801,3.1,2076.55,54.63
2018-11-22,1132.1,1.942,1.7,489801,3.1,2069.95,54.02
2018-11-23,1133.5,1.914,1.7,489801,3.1,2057.48,50.42
2018-11-26,1129.79,1.914,1.7,489801,3.1,2083.02,51.63
2018-11-27,1130.51,1.908,1.7,489801,3.1,2099.42,51.56
2018-11-28,1123.48,1.92,1.7,489801,3.1,2108.22,50.29
2018-11-29,1117.55,1.889,1.7,489801,3.1,2114.1,51.45
2018-11-30,1120.44,1.897,1.9,489801,3.1,2096.86,50.93
2018-12-03,1109.54,1.924,1.9,489801,3.1,2131.93,52.95
2018-12-04,1111.51,1.914,1.9,489801,3.1,2114.35,53.25
2018-12-05,1114.16,1.901,1.9,489801,3.1,2101.31,52.89
2018-12-06,1118.7,1.839,1.9,489801,3.1,2068.69,51.49
2018-12-07,1124.85,1.834,1.9,489801,3.1,2075.76,52.61
2018-12-10,1128.37,1.803,1.9,489801,3.1,2053.79,51
2018-12-11,1129.53,1.792,1.9,489801,3.1,2052.97,51.65
2018-12-12,1124.82,1.803,1.9,489801,3.1,2082.57,51.15
2018-12-13,1125.55,1.795,1.9,489801,3.1,2095.55,52.58
2018-12-14,1132.7,1.781,1.9,489801,3.1,2069.38,51.2
2018-12-17,1129.55,1.795,1.9,489801,3.1,2071.09,49.88
2018-12-18,1127.53,1.795,1.9,489801,3.1,2062.11,46.24
2018-12-19,1129.71,1.783,1.9,489801,3.1,2078.84,47.2
2018-12-20,1122.78,1.8,1.9,489801,3.1,2060.12,45.88
2018-12-21,1129.04,1.838,1.9,489801,3.1,2061.49,45.59
2018-12-24,1124.87,1.846,1.9,489801,3.1,2055.01,42.53
2018-12-25,1125.4,1.846,1.9,489801,3.1,2055.01,43.16
2018-12-26,1123.66,1.807,1.92,489801,3.1,2028.01,46.22
2018-12-27,1120.08,1.81,1.92,489801,3.1,2028.44,44.61
2018-12-28,1117.05,1.817,1.93,489801,3.1,2041.04,45.33
2018-12-31,1114.3,1.817,1.93,489801,3.1,2041.04,45.41
2019-01-01,1112.83,1.817,1.93,489801,3.1,2041.04,45.89
2019-01-02,1120.12,1.802,1.93,454891,1.8,2010,46.54
2019-01-03,1125.89,1.796,1.92,454891,1.8,1993.7,47.09
2019-01-04,1116.85,1.797,1.86,454891,1.8,2010.25,47.96
2019-01-07,1117.66,1.807,1.86,454891,1.8,2037.1,48.52
2019-01-08,1122.83,1.81,1.86,454891,1.8,2025.27,49.78
2019-01-09,1118.18,1.809,1.86,454891,1.8,2064.71,52.36
2019-01-10,1117.79,1.796,1.86,454891,1.8,2063.28,52.59
2019-01-11,1118.23,1.804,1.86,454891,1.8,2075.57,51.59
2019-01-14,1121.8,1.797,1.86,454891,1.8,2064.52,50.51
2019-01-15,1122.85,1.797,1.86,454891,1.8,2097.18,52.11
2019-01-16,1120.78,1.803,1.86,454891,1.8,2106.1,52.31
2019-01-17,1122.7,1.795,1.86,454891,1.8,2107.06,52.07
2019-01-18,1126.08,1.814,1.86,454891,1.8,2124.28,53.8
2019-01-21,1134.4,1.821,1.86,454891,1.8,2124.61,54.24
2019-01-22,1131.77,1.803,1.86,454891,1.8,2117.77,52.57
2019-01-23,1126.46,1.803,1.86,454891,1.8,2127.78,52.62
2019-01-24,1128.75,1.81,1.86,454891,1.8,2145.03,53.13
2019-01-25,1118.78,1.812,1.86,454891,1.8,2177.73,53.69
2019-01-28,1118.87,1.82,1.86,454891,1.8,2177.3,51.99
2019-01-29,1118.01,1.823,1.86,454891,1.8,2183.36,53.31
2019-01-30,1111.04,1.827,1.86,454891,1.8,2206.2,54.23
2019-01-31,1112.4,1.809,1.86,454891,1.8,2204.85,53.79
2019-02-01,1119.4,1.803,1.86,454891,1.8,2203.46,55.26
2019-02-04,1119.86,1.803,1.86,454891,1.8,2203.46,54.56
2019-02-05,1117.27,1.803,1.86,454891,1.8,2203.46,53.66
2019-02-06,1121.8,1.803,1.86,454891,1.8,2203.46,54.01
2019-02-07,1124.81,1.801,1.86,454891,1.8,2203.42,52.64
2019-02-08,1124.5,1.786,1.86,454891,1.8,2177.05,52.72
2019-02-11,1125.99,1.781,1.86,454891,1.8,2180.73,52.41
2019-02-12,1121.29,1.796,1.86,454891,1.8,2190.47,53.1
2019-02-13,1125.59,1.801,1.86,454891,1.8,2201.48,53.9
2019-02-14,1126.4,1.794,1.86,454891,1.8,2225.85,54.41
2019-02-15,1126.44,1.779,1.86,454891,1.8,2196.09,55.59
2019-02-18,1126.4,1.804,1.87,454891,1.8,2210.89,56.27
2019-02-19,1122.92,1.8,1.88,454891,1.8,2205.63,56.09
2019-02-20,1123.22,1.802,1.89,454891,1.8,2229.76,56.92
2019-02-21,1125.63,1.811,1.89,454891,1.8,2228.66,56.96
2019-02-22,1122.99,1.814,1.89,454891,1.8,2230.5,57.26
2019-02-25,1116.06,1.819,1.89,454891,1.8,2232.56,55.48
2019-02-26,1115.61,1.816,1.89,454891,1.8,2226.6,55.5
2019-02-27,1118.22,1.808,1.89,454891,1.8,2234.79,56.94
2019-02-28,1125.9,1.813,1.89,454891,1.8,2195.44,57.22
2019-03-01,1127.67,1.813,1.89,454891,1.8,2195.44,55.8
2019-03-04,1126.46,1.834,1.89,454891,1.8,2190.66,56.59
2019-03-05,1125.81,1.836,1.89,454891,1.8,2179.23,56.56
2019-03-06,1128.38,1.828,1.89,454891,1.8,2175.6,56.22
2019-03-07,1134.87,1.817,1.89,454891,1.8,2165.79,56.66
2019-03-08,1133.9,1.802,1.89,454891,1.8,2137.44,56.07
2019-03-11,1131.77,1.81,1.89,454891,1.8,2138.1,56.79
2019-03-12,1128.44,1.81,1.89,454891,1.8,2157.18,56.87
2019-03-13,1130.5,1.795,1.89,454891,1.8,2148.41,58.26
2019-03-14,1136.42,1.793,1.89,454891,1.8,2155.68,58.61
2019-03-15,1135.7,1.803,1.9,454891,1.8,2176.11,58.52
2019-03-18,1132.52,1.812,1.9,454891,1.8,2179.49,59.09
2019-03-19,1130.96,1.81,1.9,454891,1.8,2177.62,59.03
2019-03-20,1126.05,1.813,1.9,454891,1.8,2177.1,59.83
2019-03-21,1128.41,1.793,1.9,454891,1.8,2184.88,59.98
2019-03-22,1136.11,1.8,1.9,454891,1.8,2186.95,59.04
2019-03-25,1132.86,1.77,1.9,454891,1.8,2144.86,58.82
2019-03-26,1135.87,1.763,1.9,454891,1.8,2148.8,59.94
2019-03-27,1139.24,1.722,1.9,454891,1.8,2145.62,59.41
2019-03-28,1135.95,1.679,1.9,454891,1.8,2128.1,59.3
2019-03-29,1137.4,1.69,1.9,454891,1.8,2140.67,60.14
2019-04-01,1133.72,1.726,1.9,479907,2.1,2168.28,61.59
2019-04-02,1137.42,1.706,1.89,479907,2.1,2177.18,62.58
2019-04-03,1134.67,1.72,1.87,479907,2.1,2203.27,62.46
2019-04-04,1136.33,1.72,1.87,479907,2.1,2206.53,62.1
2019-04-05,1137.69,1.735,1.86,479907,2.1,2209.61,63.08
2019-04-08,1142.11,1.723,1.86,479907,2.1,2210.6,64.4
2019-04-09,1141.08,1.725,1.86,479907,2.1,2213.56,63.98
2019-04-10,1137.97,1.731,1.86,479907,2.1,2224.39,64.61
2019-04-11,1141.96,1.732,1.86,479907,2.1,2224.44,63.58
2019-04-12,1134.72,1.733,1.86,479907,2.1,2233.45,63.89
2019-04-15,1135.1,1.761,1.86,479907,2.1,2242.88,63.4
2019-04-16,1137.69,1.765,1.86,479907,2.1,2248.63,64.05
2019-04-17,1132.28,1.778,1.86,479907,2.1,2245.89,63.76
2019-04-18,1137.11,1.741,1.86,479907,2.1,2213.77,64
2019-04-19,1136.58,1.756,1.86,479907,2.1,2216.15,#N/A
2019-04-22,1140.99,1.769,1.85,479907,2.1,2216.65,65.7
2019-04-23,1143.11,1.768,1.85,479907,2.1,2220.51,66.3
2019-04-24,1156.05,1.749,1.85,479907,2.1,2201.03,65.89
2019-04-25,1160.01,1.724,1.85,479907,2.1,2190.5,65.21
2019-04-26,1158.9,1.72,1.84,479907,2.1,2179.31,63.3
2019-04-29,1159.88,1.712,1.84,479907,2.1,2216.43,63.5
2019-04-30,1164.25,1.699,1.84,479907,2.1,2203.59,63.91
2019-05-01,1165.73,1.699,1.84,479907,2.1,2203.59,63.6
2019-05-02,1167.06,1.732,1.84,479907,2.1,2212.75,61.81
2019-05-03,1164.33,1.739,1.84,479907,2.1,2196.32,61.94
2019-05-06,1169.15,1.739,1.84,479907,2.1,2196.32,62.25
2019-05-07,1172.35,1.723,1.84,479907,2.1,2176.99,61.4
2019-05-08,1173.1,1.717,1.84,479907,2.1,2168.01,62.12
2019-05-09,1180.09,1.708,1.84,479907,2.1,2102.01,61.7
2019-05-10,1175.2,1.719,1.84,479907,2.1,2108.04,61.66
2019-05-13,1188.78,1.721,1.84,479907,2.1,2079.01,61.04
2019-05-14,1187.82,1.711,1.84,479907,2.1,2081.84,61.78
2019-05-15,1186.79,1.71,1.84,479907,2.1,2092.78,62.02
2019-05-16,1192.33,1.675,1.84,479907,2.1,2067.69,62.87
2019-05-17,1194.73,1.67,1.84,479907,2.1,2055.8,62.76
2019-05-20,1194.73,1.681,1.84,479907,2.1,2055.71,63.1
2019-05-21,1192.78,1.663,1.84,479907,2.1,2061.25,62.99
2019-05-22,1190.78,1.667,1.84,479907,2.1,2064.86,61.42
2019-05-23,1189.8,1.648,1.84,479907,2.1,2059.59,57.91
2019-05-24,1185.77,1.643,1.84,479907,2.1,2045.31,58.63
2019-05-27,1184.55,1.652,1.84,479907,2.1,2044.21,59.16
2019-05-28,1188.94,1.654,1.84,479907,2.1,2048.83,59.14
2019-05-29,1194.03,1.619,1.84,479907,2.1,2023.32,58.81
2019-05-30,1189.73,1.626,1.84,479907,2.1,2038.8,56.59
2019-05-31,1188.8,1.587,1.84,479907,2.1,2041.74,53.5
2019-06-03,1179.64,1.575,1.82,479907,2.1,2067.85,53.25
2019-06-04,1178.26,1.57,1.82,479907,2.1,2066.97,53.48
2019-06-05,1180.84,1.542,1.82,479907,2.1,2069.11,51.68
2019-06-06,1178.67,1.542,1.82,479907,2.1,2069.11,52.59
2019-06-07,1182.07,1.537,1.82,479907,2.1,2072.33,53.99
2019-06-10,1184.02,1.533,1.82,479907,2.1,2099.49,53.26
2019-06-11,1179.21,1.542,1.82,479907,2.1,2111.81,53.27
2019-06-12,1183.53,1.469,1.81,479907,2.1,2108.75,51.14
2019-06-13,1183.32,1.48,1.81,479907,2.1,2103.15,52.28
2019-06-14,1186.88,1.47,1.81,479907,2.1,2095.41,52.51
2019-06-17,1186.55,1.491,1.8,479907,2.1,2090.73,51.93
2019-06-18,1174.87,1.493,1.8,479907,2.1,2098.71,53.9
2019-06-19,1172.48,1.484,1.8,479907,2.1,2124.78,53.76
2019-06-20,1159.42,1.42,1.8,479907,2.1,2131.29,56.65
2019-06-21,1159.2,1.44,1.8,479907,2.1,2125.62,57.43
2019-06-24,1154.67,1.44,1.79,479907,2.1,2126.33,57.9
2019-06-25,1156.17,1.478,1.79,479907,2.1,2121.64,57.83
2019-06-26,1154.67,1.496,1.78,479907,2.1,2121.85,59.38
2019-06-27,1157.12,1.494,1.78,479907,2.1,2134.32,59.43
2019-06-28,1156.38,1.472,1.78,479907,2.1,2130.62,58.47
2019-07-01,1161.77,1.479,1.78,487177,2,2129.74,59.09
2019-07-02,1167.47,1.463,1.78,487177,2,2122.02,56.25
2019-07-03,1170.72,1.429,1.78,487177,2,2096.02,57.34
2019-07-04,1168.34,1.416,1.78,487177,2,2108.73,56.8
2019-07-05,1175.02,1.423,1.78,487177,2,2110.59,57.51
2019-07-08,1180.94,1.422,1.78,487177,2,2064.17,57.66
2019-07-09,1183.22,1.424,1.78,487177,2,2052.03,57.83
2019-07-10,1176.57,1.438,1.78,487177,2,2058.78,60.43
2019-07-11,1175.16,1.419,1.78,487177,2,2080.58,60.2
2019-07-12,1177.32,1.424,1.78,487177,2,2086.66,60.21
2019-07-15,1180.41,1.434,1.78,487177,2,2082.48,59.58
2019-07-16,1179.63,1.431,1.78,487177,2,2091.87,57.62
2019-07-17,1180.62,1.399,1.73,487177,2,2072.92,56.78
2019-07-18,1172.78,1.345,1.61,487177,2,2066.55,55.3
2019-07-19,1176.11,1.327,1.59,487177,2,2094.36,55.63
2019-07-22,1176.87,1.333,1.59,487177,2,2093.34,56.22
2019-07-23,1179.89,1.339,1.59,487177,2,2101.45,56.77
2019-07-24,1178.41,1.321,1.56,487177,2,2082.3,55.88
2019-07-25,1184.16,1.302,1.54,487177,2,2074.48,56.02
2019-07-26,1184.24,1.308,1.53,487177,2,2066.26,56.2
2019-07-29,1183.71,1.306,1.53,487177,2,2029.48,56.87
2019-07-30,1181.38,1.301,1.52,487177,2,2038.68,58.05
2019-07-31,1188.32,1.292,1.5,487177,2,2024.55,58.58
2019-08-01,1196.38,1.309,1.5,487177,2,2017.34,53.95
2019-08-02,1204.61,1.26,1.5,487177,2,1998.13,55.66
2019-08-05,1218.33,1.172,1.5,487177,2,1946.98,54.69
2019-08-06,1213.43,1.163,1.49,487177,2,1917.5,53.63
2019-08-07,1213.02,1.153,1.49,487177,2,1909.71,51.09
2019-08-08,1208.08,1.165,1.49,487177,2,1920.61,52.54
2019-08-09,1214.45,1.186,1.49,487177,2,1937.75,54.5
2019-08-12,1219.14,1.182,1.49,487177,2,1942.29,54.93
2019-08-13,1206.64,1.15,1.49,487177,2,1925.83,57.1
2019-08-14,1216.86,1.149,1.49,487177,2,1938.37,55.23
2019-08-15,1213.33,1.149,1.49,487177,2,1938.37,54.47
2019-08-16,1208.47,1.095,1.49,487177,2,1927.17,54.87
2019-08-19,1212.62,1.093,1.49,487177,2,1939.9,56.21
2019-08-20,1206.4,1.101,1.49,487177,2,1960.25,56.34
2019-08-21,1202.44,1.156,1.49,487177,2,1964.65,55.68
2019-08-22,1210.42,1.13,1.49,487177,2,1951.01,55.35
2019-08-23,1213.66,1.169,1.49,487177,2,1948.3,54.17
2019-08-26,1212.74,1.121,1.49,487177,2,1916.31,53.64
2019-08-27,1212.74,1.171,1.49,487177,2,1924.6,54.93
2019-08-28,1213.29,1.18,1.49,487177,2,1941.09,55.78
2019-08-29,1209.12,1.167,1.49,487177,2,1933.41,56.71
2019-08-30,1210.5,1.168,1.49,487177,2,1967.79,55.1
2019-09-02,1214.61,1.233,1.49,487177,2,1969.19,54.66
2019-09-03,1211.54,1.228,1.49,487177,2,1965.69,53.94
2019-09-04,1204.63,1.241,1.5,487177,2,1988.53,56.26
2019-09-05,1198.02,1.259,1.53,487177,2,2004.75,56.3
2019-09-06,1192.77,1.265,1.54,487177,2,2009.13,56.52
2019-09-09,1192.93,1.235,1.54,487177,2,2019.55,57.85
2019-09-10,1191.51,1.242,1.54,487177,2,2032.08,57.4
2019-09-11,1190.68,1.258,1.54,487177,2,2049.2,55.75
2019-09-12,1182.44,1.258,1.54,487177,2,2049.2,55.09
2019-09-13,1179.72,1.258,1.54,487177,2,2049.2,54.85
2019-09-16,1185.02,1.348,1.54,487177,2,2062.22,62.9
2019-09-17,1187.62,1.315,1.54,487177,2,2062.33,59.34
2019-09-18,1191.73,1.309,1.54,487177,2,2070.73,58.11
2019-09-19,1195.35,1.329,1.55,487177,2,2080.35,58.13
2019-09-20,1194.13,1.332,1.55,487177,2,2091.52,58.09
2019-09-23,1195.04,1.331,1.55,487177,2,2091.7,58.64
2019-09-24,1195.53,1.325,1.55,487177,2,2101.04,57.29
2019-09-25,1199.82,1.304,1.55,487177,2,2073.39,56.49
2019-09-26,1200.46,1.301,1.55,487177,2,2074.52,56.41
2019-09-27,1202.99,1.301,1.55,487177,2,2049.93,55.91
2019-09-30,1199.09,1.297,1.55,487177,2,2063.05,54.07
2019-10-01,1203.37,1.323,1.55,497065,2.3,2072.42,53.62
2019-10-02,1205.37,1.303,1.55,497065,2.3,2031.91,52.64
2019-10-03,1201.89,1.303,1.55,497065,2.3,2031.91,52.45
2019-10-04,1192.25,1.21,1.55,497065,2.3,2020.69,52.81
2019-10-07,1197.33,1.232,1.55,497065,2.3,2021.73,52.75
2019-10-08,1200.02,1.264,1.55,497065,2.3,2046.25,52.63
2019-10-09,1198.5,1.264,1.55,497065,2.3,2046.25,52.59
2019-10-10,1190.46,1.276,1.55,497065,2.3,2028.15,53.55
2019-10-11,1183.48,1.281,1.55,497065,2.3,2044.61,54.7
2019-10-14,1184.7,1.281,1.55,497065,2.3,2067.4,53.59
2019-10-15,1184.88,1.281,1.55,497065,2.3,2068.17,52.81
2019-10-16,1186.51,1.32,1.36,497065,2.3,2082.83,53.36
2019-10-17,1179.07,1.375,1.36,497065,2.3,2077.94,53.93
2019-10-18,1178.91,1.375,1.36,497065,2.3,2060.69,53.78
2019-10-21,1172.49,1.408,1.36,497065,2.3,2064.84,53.31
2019-10-22,1173.09,1.379,1.36,497065,2.3,2088.86,54.16
2019-10-23,1170.67,1.388,1.36,497065,2.3,2080.62,55.97
2019-10-24,1175.21,1.396,1.37,497065,2.3,2085.66,56.23
2019-10-25,1171.82,1.435,1.37,497065,2.3,2087.89,56.66
2019-10-28,1168.61,1.523,1.44,497065,2.3,2093.6,55.81
2019-10-29,1167.55,1.499,1.44,497065,2.3,2092.69,55.54
2019-10-30,1165.41,1.481,1.44,497065,2.3,2080.27,55.06
2019-10-31,1170.24,1.466,1.44,497065,2.3,2083.48,54.18
2019-11-01,1164.8,1.467,1.44,497065,2.3,2100.2,56.2
2019-11-04,1162.95,1.55,1.46,497065,2.3,2130.24,56.54
2019-11-05,1156.82,1.522,1.49,497065,2.3,2142.64,57.23
2019-11-06,1161.58,1.53,1.5,497065,2.3,2144.15,56.35
2019-11-07,1155.31,1.541,1.52,497065,2.3,2144.29,57.15
2019-11-08,1158.76,1.518,1.52,497065,2.3,2137.23,57.24
2019-11-11,1165.45,1.5,1.53,497065,2.3,2124.09,56.86
2019-11-12,1166.53,1.564,1.53,497065,2.3,2140.92,56.8
2019-11-13,1171.51,1.51,1.53,497065,2.3,2122.45,57.12
2019-11-14,1169.08,1.515,1.53,497065,2.3,2139.23,56.77
2019-11-15,1163.65,1.513,1.53,497065,2.3,2162.18,57.72
2019-11-18,1167.23,1.518,1.53,497065,2.3,2160.69,57.05
2019-11-19,1168.35,1.485,1.53,497065,2.3,2153.24,55.21
2019-11-20,1170.82,1.45,1.53,497065,2.3,2125.32,57.11
2019-11-21,1176.86,1.462,1.53,497065,2.3,2096.6,58.58
2019-11-22,1180.33,1.456,1.53,497065,2.3,2101.96,57.77
2019-11-25,1173.9,1.475,1.53,497065,2.3,2123.5,58.01
2019-11-26,1173.32,1.475,1.53,497065,2.3,2121.35,58.41
2019-11-27,1176.97,1.456,1.53,497065,2.3,2127.85,58.11
2019-11-28,1178.82,1.43,1.53,497065,2.3,2118.6,58.08
2019-11-29,1181.7,1.385,1.53,497065,2.3,2087.96,55.17
2019-12-02,1185.78,1.425,1.53,497065,2.3,2091.92,55.96
2019-12-03,1190.06,1.46,1.53,497065,2.3,2084.07,56.1
2019-12-04,1191.32,1.406,1.53,497065,2.3,2068.89,58.43
2019-12-05,1188.92,1.423,1.53,497065,2.3,2060.74,58.43
2019-12-06,1186.21,1.43,1.53,497065,2.3,2081.85,59.2
2019-12-09,1190.55,1.412,1.53,497065,2.3,2088.65,59.02
2019-12-10,1190.49,1.39,1.53,497065,2.3,2098,59.24
2019-12-11,1189.61,1.381,1.53,497065,2.3,2105.62,58.76
2019-12-12,1172.89,1.382,1.53,497065,2.3,2137.35,59.18
2019-12-13,1176.21,1.402,1.53,497065,2.3,2170.25,60.07
2019-12-16,1168.48,1.369,1.53,497065,2.3,2168.15,60.21
2019-12-17,1164.15,1.363,1.53,497065,2.3,2195.68,60.94
2019-12-18,1166.66,1.357,1.53,497065,2.3,2194.76,60.93
2019-12-19,1163.27,1.383,1.53,497065,2.3,2196.56,61.22
2019-12-20,1159.4,1.392,1.53,497065,2.3,2204.18,60.44
2019-12-23,1164.04,1.38,1.53,497065,2.3,2203.71,60.52
2019-12-24,1163.52,1.37,1.53,497065,2.3,2190.08,61.11
2019-12-25,1160.76,1.37,1.53,497065,2.3,2190.08,61.19
2019-12-26,1162.3,1.367,1.53,497065,2.3,2197.93,61.68
2019-12-27,1159.68,1.37,1.53,497065,2.3,2204.21,61.72
2019-12-30,1157.97,1.36,1.53,497065,2.3,2197.67,61.68
2019-12-31,1155.07,1.36,1.53,497065,2.3,2197.67,61.06
2020-01-01,1155.02,1.36,1.53,497065,2.3,2197.67,61.33
2020-01-02,1157.94,1.327,1.53,458202,1.4,2175.17,61.18
2020-01-03,1165.95,1.27,1.53,458202,1.4,2176.46,63.05
2020-01-06,1167.56,1.277,1.49,458202,1.4,2155.07,63.27
2020-01-07,1168.3,1.331,1.46,458202,1.4,2175.54,62.7
2020-01-08,1162.41,1.363,1.46,458202,1.4,2151.31,59.61
2020-01-09,1159.72,1.416,1.46,458202,1.4,2186.45,59.56
2020-01-10,1158.97,1.425,1.46,458202,1.4,2206.39,59.04
2020-01-13,1154.95,1.418,1.46,458202,1.4,2229.26,58.08
2020-01-14,1158.2,1.386,1.46,458202,1.4,2238.88,58.23
2020-01-15,1158.91,1.391,1.46,458202,1.4,2230.98,57.81
2020-01-16,1160.73,1.426,1.46,458202,1.4,2248.05,58.52
2020-01-17,1161.44,1.433,1.46,458202,1.4,2250.57,58.54
2020-01-20,1159.61,1.455,1.46,458202,1.4,2262.64,58.73
2020-01-21,1170.01,1.395,1.46,458202,1.4,2239.69,58.34
2020-01-22,1165.76,1.437,1.46,458202,1.4,2267.25,56.74
2020-01-23,1169.54,1.424,1.46,458202,1.4,2246.13,55.59
2020-01-24,1170.2,1.424,1.46,458202,1.4,2246.13,54.19
2020-01-27,1177.7,1.424,1.46,458202,1.4,2246.13,53.14
2020-01-28,1176.11,1.352,1.46,458202,1.4,2176.72,53.48
2020-01-29,1179.68,1.33,1.46,458202,1.4,2185.28,53.33
2020-01-30,1188.64,1.301,1.43,458202,1.4,2148,52.14
2020-01-31,1195.97,1.303,1.42,458202,1.4,2119.01,51.56
2020-02-03,1190.79,1.291,1.42,458202,1.4,2118.88,50.11
2020-02-04,1183.9,1.331,1.42,458202,1.4,2157.9,49.61
2020-02-05,1184.4,1.307,1.42,458202,1.4,2165.63,50.75
2020-02-06,1186.28,1.311,1.42,458202,1.4,2227.94,50.95
2020-02-07,1192.39,1.28,1.42,458202,1.4,2211.95,50.32
2020-02-10,1188.17,1.296,1.42,458202,1.4,2201.07,49.57
2020-02-11,1182.25,1.299,1.42,458202,1.4,2223.12,49.94
2020-02-12,1179.51,1.297,1.42,458202,1.4,2238.38,51.17
2020-02-13,1184.58,1.275,1.42,458202,1.4,2232.96,51.42
2020-02-14,1183.46,1.33,1.42,458202,1.4,2243.59,52.05
2020-02-17,1185.36,1.32,1.42,458202,1.4,2242.17,52.2
2020-02-18,1191.04,1.271,1.42,458202,1.4,2208.88,52.05
2020-02-19,1193,1.284,1.42,458202,1.4,2210.34,53.29
2020-02-20,1205.21,1.234,1.41,458202,1.4,2195.5,53.78
2020-02-21,1207.07,1.182,1.41,458202,1.4,2162.84,53.38
2020-02-24,1219.17,1.139,1.41,458202,1.4,2079.04,51.43
2020-02-25,1216.04,1.171,1.41,458202,1.4,2103.61,49.9
2020-02-26,1212.81,1.135,1.41,458202,1.4,2076.77,48.73
2020-02-27,1212.68,1.194,1.41,458202,1.4,2054.89,47.09
2020-02-28,1200.32,1.104,1.41,458202,1.4,1987.01,44.76
2020-03-02,1189.71,1.128,1.41,458202,1.4,2002.51,46.75
2020-03-03,1181,1.11,1.41,458202,1.4,2014.15,47.18
2020-03-04,1185.23,1.029,1.4,458202,1.4,2059.33,46.78
2020-03-05,1188.82,1.051,1.4,458202,1.4,2085.26,45.9
2020-03-06,1188.8,1.078,1.4,458202,1.4,2040.22,41.28
2020-03-09,1200.94,1.038,1.4,458202,1.4,1954.77,31.13
2020-03-10,1185.75,1.082,1.4,458202,1.4,1962.93,34.36
2020-03-11,1192.71,1.086,1.4,458202,1.4,1908.27,32.98
2020-03-12,1211.21,1.062,1.39,458202,1.4,1834.33,31.5
2020-03-13,1211.78,1.149,1.39,458202,1.4,1771.44,31.73
2020-03-16,1232.87,1.099,1.39,458202,1.4,1714.86,28.7
2020-03-17,1239.76,1.03,1.02,458202,1.4,1672.44,26.95
2020-03-18,1256.5,1.05,1.02,458202,1.4,1591.2,20.37
2020-03-19,1258.36,1.193,1.02,458202,1.4,1457.64,25.22
2020-03-20,1254.95,1.107,1.02,458202,1.4,1566.15,22.43
2020-03-23,1273,1.153,1.02,458202,1.4,1482.46,23.36
2020-03-24,1234.21,1.127,1.07,458202,1.4,1609.97,24.01
2020-03-25,1233,1.131,1.1,458202,1.4,1704.76,24.49
2020-03-26,1213.4,1.067,1.1,458202,1.4,1686.24,22.6
2020-03-27,1212.73,1.06,1.1,458202,1.4,1717.73,21.51
2020-03-30,1224.71,1.098,1.1,458202,1.4,1717.12,20.09
2020-03-31,1218.8,1.07,1.1,458202,1.4,1754.64,20.48
2020-04-01,1236.7,1.092,1.1,472328,-2.7,1685.46,20.31
2020-04-02,1227.85,1.059,1.1,472328,-2.7,1724.86,25.32
2020-04-03,1236.61,1.066,1.1,472328,-2.7,1725.44,28.34
2020-04-06,1224.64,1.052,1.1,472328,-2.7,1791.88,26.08
2020-04-07,1215.43,1.047,1.1,472328,-2.7,1823.6,23.63
2020-04-08,1216.26,1.024,1.1,472328,-2.7,1807.14,25.09
2020-04-09,1211.08,0.986,1.1,472328,-2.7,1836.21,22.76
2020-04-10,1211.55,0.97,1.1,472328,-2.7,1860.7,22.76
2020-04-13,1215.96,0.996,1.1,472328,-2.7,1825.76,22.41
2020-04-14,1212.5,0.996,1.1,472328,-2.7,1857.08,20.11
2020-04-15,1224.72,0.996,1.1,472328,-2.7,1857.08,19.87
2020-04-16,1228.98,0.982,1.1,472328,-2.7,1857.07,19.87
2020-04-17,1216.24,1.006,1.1,472328,-2.7,1914.53,18.27
2020-04-20,1220.62,1.013,1.1,472328,-2.7,1898.36,-37.63
2020-04-21,1233.56,1.035,1.1,472328,-2.7,1879.38,10.01
2020-04-22,1234.05,1.046,1.1,472328,-2.7,1896.15,13.78
2020-04-23,1233.54,1.036,1.1,472328,-2.7,1914.73,16.5
2020-04-24,1230.62,1.018,1.1,472328,-2.7,1889.01,16.94
2020-04-27,1222.45,1.026,1.1,472328,-2.7,1922.77,12.78
2020-04-28,1221.81,1.033,1.1,472328,-2.7,1934.09,12.34
2020-04-29,1211.1,1.006,1.1,472328,-2.7,1947.56,15.06
2020-04-30,1213.94,1.006,1.1,472328,-2.7,1947.56,18.84
2020-05-01,1224.93,1.006,1.1,472328,-2.7,1947.56,19.78
2020-05-04,1224.18,0.975,1.1,472328,-2.7,1895.37,20.39
2020-05-05,1222.57,0.975,1.1,472328,-2.7,1895.37,24.56
2020-05-06,1229.55,0.96,1.1,472328,-2.7,1928.76,23.99
2020-05-07,1220.11,0.946,1.08,472328,-2.7,1928.61,23.55
2020-05-08,1219.8,0.914,1.08,472328,-2.7,1945.82,24.74
2020-05-11,1223.41,0.926,1.05,472328,-2.7,1935.4,24.14
2020-05-12,1226.84,0.886,1.05,472328,-2.7,1922.17,25.78
2020-05-13,1227.51,0.856,1.05,472328,-2.7,1940.42,25.29
2020-05-14,1227.53,0.869,1.05,472328,-2.7,1924.96,27.56
2020-05-15,1233.19,0.874,1.05,472328,-2.7,1927.28,29.43
2020-05-18,1225.27,0.887,1.05,472328,-2.7,1937.11,31.82
2020-05-19,1225.18,0.876,1.02,472328,-2.7,1980.61,32.5
2020-05-20,1227.4,0.868,1.02,472328,-2.7,1989.64,33.49
2020-05-21,1233.27,0.856,1.02,472328,-2.7,1998.31,33.92
2020-05-22,1240.66,0.837,1.02,472328,-2.7,1970.13,33.25
2020-05-25,1240.95,0.815,1.02,472328,-2.7,1994.6,33.92
2020-05-26,1230.99,0.839,1.02,472328,-2.7,2029.78,34.35
2020-05-27,1238.26,0.863,1.02,472328,-2.7,2031.2,32.81
2020-05-28,1238.03,0.818,0.81,472328,-2.7,2028.54,33.71
2020-05-29,1231.59,0.826,0.81,472328,-2.7,2029.6,35.49
2020-06-01,1223.05,0.831,0.81,472328,-2.7,2065.08,35.44
2020-06-02,1220.12,0.851,0.81,472328,-2.7,2087.19,36.81
2020-06-03,1215.95,0.866,0.81,472328,-2.7,2147,37.29
2020-06-04,1216.54,0.886,0.8,472328,-2.7,2151.18,37.41
2020-06-05,1202.1,0.894,0.79,472328,-2.7,2181.87,39.55
2020-06-08,1195.96,0.902,0.79,472328,-2.7,2184.29,38.19
2020-06-09,1198.52,0.861,0.79,472328,-2.7,2188.92,38.94
2020-06-10,1190.79,0.84,0.79,472328,-2.7,2195.69,39.6
2020-06-11,1206.2,0.837,0.79,472328,-2.7,2176.78,36.34
2020-06-12,1203.77,0.841,0.79,472328,-2.7,2132.3,36.26
2020-06-15,1208.65,0.861,0.79,472328,-2.7,2030.82,37.12
2020-06-16,1212.29,0.86,0.79,472328,-2.7,2138.05,38.38
2020-06-17,1215.53,0.874,0.79,472328,-2.7,2141.05,37.96
2020-06-18,1212.59,0.842,0.79,472328,-2.7,2133.48,38.84
2020-06-19,1211.98,0.844,0.79,472328,-2.7,2141.32,39.75
2020-06-22,1209.53,0.846,0.79,472328,-2.7,2126.73,40.46
2020-06-23,1208.46,0.827,0.79,472328,-2.7,2131.24,40.37
2020-06-24,1206.2,0.819,0.79,472328,-2.7,2161.51,38.01
2020-06-25,1202.36,0.817,0.79,472328,-2.7,2112.37,38.72
2020-06-26,1203.92,0.811,0.79,472328,-2.7,2134.65,38.49
2020-06-29,1199.66,0.842,0.79,472328,-2.7,2093.48,39.7
2020-06-30,1199.44,0.842,0.79,472328,-2.7,2108.33,39.27
2020-07-01,1201.67,0.847,0.79,491182,-1.1,2106.7,39.82
2020-07-02,1199.25,0.831,0.79,491182,-1.1,2135.37,40.65
2020-07-03,1199.43,0.838,0.79,491182,-1.1,2152.41,40.28
2020-07-06,1192.05,0.854,0.79,491182,-1.1,2187.93,40.63
2020-07-07,1196.84,0.843,0.79,491182,-1.1,2164.17,40.62
2020-07-08,1192.85,0.839,0.79,491182,-1.1,2158.88,40.9
2020-07-09,1197.08,0.84,0.79,491182,-1.1,2167.9,39.62
2020-07-10,1200.62,0.849,0.79,491182,-1.1,2150.25,40.55
2020-07-13,1203.87,0.86,0.79,491182,-1.1,2186.06,40.1
2020-07-14,1205.01,0.854,0.79,491182,-1.1,2183.61,40.29
2020-07-15,1201,0.847,0.79,491182,-1.1,2201.88,41.2
2020-07-16,1205.23,0.829,0.79,491182,-1.1,2183.76,40.75
2020-07-17,1203.94,0.812,0.79,491182,-1.1,2201.19,40.59
2020-07-20,1201.02,0.801,0.79,491182,-1.1,2198.2,40.81
2020-07-21,1194.04,0.818,0.79,491182,-1.1,2228.83,41.96
2020-07-22,1197.38,0.81,0.79,491182,-1.1,2228.66,41.9
2020-07-23,1201.95,0.798,0.78,491182,-1.1,2216.19,41.07
2020-07-24,1201.59,0.799,0.78,491182,-1.1,2200.44,41.29
2020-07-27,1196.07,0.803,0.78,491182,-1.1,2217.86,41.6
2020-07-28,1199.55,0.813,0.78,491182,-1.1,2256.99,41.04
2020-07-29,1190.04,0.811,0.78,491182,-1.1,2263.16,41.27
2020-07-30,1189.73,0.799,0.78,491182,-1.1,2267.01,39.92
2020-07-31,1194.09,0.796,0.78,491182,-1.1,2249.37,40.27
2020-08-03,1192.7,0.799,0.78,491182,-1.1,2251.04,41.01
2020-08-04,1193.32,0.802,0.76,491182,-1.1,2279.97,41.7
2020-08-05,1186.24,0.795,0.76,491182,-1.1,2311.86,42.19
2020-08-06,1184,0.807,0.76,491182,-1.1,2342.61,41.95
2020-08-07,1189.18,0.81,0.75,491182,-1.1,2351.67,41.22
2020-08-10,1185.58,0.83,0.74,491182,-1.1,2386.38,41.94
2020-08-11,1185.62,0.818,0.73,491182,-1.1,2418.67,41.61
2020-08-12,1183.23,0.827,0.7,491182,-1.1,2432.35,42.67
2020-08-13,1184.92,0.815,0.67,491182,-1.1,2437.53,42.24
2020-08-14,1186.94,0.828,0.65,491182,-1.1,2407.49,42.01
2020-08-17,1183.19,0.828,0.65,491182,-1.1,2407.49,42.89
2020-08-18,1182.7,0.81,0.64,491182,-1.1,2348.24,42.89
2020-08-19,1181.74,0.805,0.63,491182,-1.1,2360.54,42.93
2020-08-20,1185.24,0.813,0.63,491182,-1.1,2274.22,42.58
2020-08-21,1191.72,0.854,0.63,491182,-1.1,2304.59,42.34
2020-08-24,1188.66,0.824,0.63,491182,-1.1,2329.83,42.62
2020-08-25,1187.35,0.825,0.63,491182,-1.1,2366.73,43.35
2020-08-26,1184.39,0.835,0.63,491182,-1.1,2369.32,43.39
2020-08-27,1187.44,0.852,0.63,491182,-1.1,2344.45,43.04
2020-08-28,1180.48,0.893,0.63,491182,-1.1,2353.8,42.97
2020-08-31,1187.94,0.94,0.63,491182,-1.1,2326.17,42.61
2020-09-01,1185.45,0.977,0.63,491182,-1.1,2349.55,42.76
2020-09-02,1189.13,0.923,0.63,491182,-1.1,2364.37,41.51
2020-09-03,1191.48,0.919,0.63,491182,-1.1,2395.9,41.37
2020-09-04,1187.3,0.929,0.63,491182,-1.1,2368.25,39.77
2020-09-07,1187.27,0.973,0.63,491182,-1.1,2384.22,39.2
2020-09-08,1190.1,0.949,0.63,491182,-1.1,2401.91,36.76
2020-09-09,1184.79,0.915,0.63,491182,-1.1,2375.81,38.05
2020-09-10,1188.11,0.915,0.63,491182,-1.1,2396.48,37.3
2020-09-11,1187.89,0.926,0.63,491182,-1.1,2396.69,37.33
2020-09-14,1181.51,0.919,0.63,491182,-1.1,2427.91,37.26
2020-09-15,1179.76,0.907,0.63,491182,-1.1,2443.58,38.28
2020-09-16,1172.88,0.91,0.63,491182,-1.1,2435.92,40.16
2020-09-17,1169.2,0.914,0.63,491182,-1.1,2406.17,40.97
2020-09-18,1164.81,0.907,0.63,491182,-1.1,2412.4,41.11
2020-09-21,1163.61,0.904,0.63,491182,-1.1,2389.39,39.31
2020-09-22,1163.61,0.897,0.63,491182,-1.1,2332.59,39.6
2020-09-23,1170.65,0.883,0.63,491182,-1.1,2333.24,39.93
2020-09-24,1169.1,0.857,0.63,491182,-1.1,2272.7,40.31
2020-09-25,1174.32,0.855,0.63,491182,-1.1,2278.79,40.25
2020-09-28,1166.85,0.843,0.63,491182,-1.1,2308.08,40.6
2020-09-29,1168.73,0.846,0.63,491182,-1.1,2327.89,39.29
2020-09-30,1164.65,0.846,0.63,491182,-1.1,2327.89,40.22
2020-10-01,1162.83,0.846,0.63,491182,-1.1,2327.89,38.72
2020-10-02,1166.26,0.846,0.63,491182,-1.1,2327.89,37.05
2020-10-05,1157.12,0.881,0.63,491182,-1.2,2358,39.22
2020-10-06,1164.37,0.905,0.63,491182,-1.2,2365.9,40.67
2020-10-07,1157.26,0.91,0.63,491182,-1.2,2386.94,39.95
2020-10-08,1151.11,0.907,0.63,491182,-1.2,2391.96,41.19
2020-10-09,1143.52,0.907,0.63,491182,-1.2,2391.96,40.6
2020-10-12,1147.79,0.925,0.63,491182,-1.2,2403.73,39.43
2020-10-13,1148.3,0.923,0.63,491182,-1.2,2403.15,40.2
2020-10-14,1147.14,0.901,0.63,491182,-1.2,2380.48,41.04
2020-10-15,1145.14,0.877,0.63,491182,-1.2,2361.21,40.96
2020-10-16,1142.13,0.888,0.63,491182,-1.2,2341.53,40.88
2020-10-19,1140.06,0.891,0.63,491182,-1.2,2346.74,40.83
2020-10-20,1138.39,0.911,0.63,491182,-1.2,2358.41,41.46
2020-10-21,1132.54,0.934,0.63,491182,-1.2,2370.86,40.03
2020-10-22,1134.74,0.925,0.63,491182,-1.2,2355.05,40.64
2020-10-23,1127.95,0.91,0.63,491182,-1.2,2360.81,39.85
2020-10-26,1132.44,0.908,0.63,491182,-1.2,2343.91,38.56
2020-10-27,1129.21,0.917,0.63,491182,-1.2,2330.84,39.57
2020-10-28,1134.93,0.914,0.63,491182,-1.2,2345.26,37.39
2020-10-29,1130.06,0.927,0.63,491182,-1.2,2326.67,36.17
2020-10-30,1136.49,0.935,0.63,491182,-1.2,2267.15,35.79
2020-11-02,1132.95,0.971,0.63,491182,-1.2,2300.16,36.81
2020-11-03,1131.32,0.98,0.67,491182,-1.2,2343.31,37.66
2020-11-04,1127.65,0.955,0.67,491182,-1.2,2357.32,39.15
2020-11-05,1122.88,0.927,0.66,491182,-1.2,2413.79,38.79
2020-11-06,1121.4,0.943,0.66,491182,-1.2,2416.5,37.14
2020-11-09,1119.06,0.959,0.66,491182,-1.2,2447.2,40.29
2020-11-10,1117.07,0.976,0.66,491182,-1.2,2452.83,41.36
2020-11-11,1112.39,0.989,0.66,491182,-1.2,2485.87,41.45
2020-11-12,1114.86,0.969,0.66,491182,-1.2,2475.62,41.12
2020-11-13,1107.62,0.965,0.66,491182,-1.2,2493.87,40.13
2020-11-16,1107.04,0.97,0.66,491182,-1.2,2543.03,41.34
2020-11-17,1105.38,0.96,0.66,491182,-1.2,2539.15,41.43
2020-11-18,1106.17,0.949,0.66,491182,-1.2,2545.64,41.82
2020-11-19,1113.59,0.955,0.66,491182,-1.2,2547.42,41.74
2020-11-20,1114.95,0.963,0.66,491182,-1.2,2553.5,42.15
2020-11-23,1113.51,0.955,0.66,491182,-1.2,2602.59,43.06
2020-11-24,1110.24,0.963,0.66,491182,-1.2,2617.76,44.91
2020-11-25,1106.21,0.971,0.66,491182,-1.2,2601.54,45.71
2020-11-26,1105.57,0.981,0.66,491182,-1.2,2625.91,44.98
2020-11-27,1104.43,0.979,0.66,491182,-1.2,2633.45,45.53
2020-11-30,1109.32,0.983,0.66,491182,-1.2,2591.34,45.34
2020-12-01,1105.73,0.982,0.66,491182,-1.2,2634.25,44.55
2020-12-02,1100.02,0.982,0.66,491182,-1.2,2675.9,45.28
2020-12-03,1092.08,0.975,0.66,491182,-1.2,2696.22,45.64
2020-12-04,1083.77,0.966,0.66,491182,-1.2,2731.45,46.26
2020-12-07,1083.53,0.961,0.66,491182,-1.2,2745.44,45.76
2020-12-08,1084.86,0.959,0.66,491182,-1.2,2700.93,45.6
2020-12-09,1086.48,0.966,0.66,491182,-1.2,2755.47,45.52
2020-12-10,1085.55,0.973,0.66,491182,-1.2,2746.46,46.78
2020-12-11,1091.67,0.98,0.66,491182,-1.2,2770.06,46.57
2020-12-14,1093.07,0.986,0.66,491182,-1.2,2762.2,46.99
2020-12-15,1089.43,0.984,0.66,491182,-1.2,2756.82,47.62
2020-12-16,1092.36,0.989,0.66,491182,-1.2,2771.79,47.82
2020-12-17,1093.01,0.999,0.66,491182,-1.2,2770.43,48.36
2020-12-18,1099.39,0.963,0.66,491182,-1.2,2772.18,49.1
2020-12-21,1102.55,0.959,0.66,491182,-1.2,2778.65,47.74
2020-12-22,1109.72,0.945,0.66,491182,-1.2,2733.68,47.02
2020-12-23,1106.65,0.932,0.66,491182,-1.2,2759.82,48.12
2020-12-24,1101.59,0.95,0.66,491182,-1.2,2806.86,48.23
2020-12-25,1099.07,0.95,0.66,491182,-1.2,2806.86,48.23
2020-12-28,1095.6,0.958,0.66,491182,-1.2,2808.6,47.62
2020-12-29,1090.97,0.973,0.66,491182,-1.2,2820.51,48
2020-12-30,1087.62,0.978,0.66,491182,-1.2,2873.47,48.4
2020-12-31,1084.47,0.976,0.66,491182,-1.2,2873.47,48.52
2021-01-01,1084.73,0.976,0.66,491182,-1.2,2873.47,48.52
2021-01-04,1086.48,0.954,0.66,491182,-1.2,2944.45,47.62
2021-01-05,1086.42,0.936,0.66,491182,-1.2,2990.57,49.93
2021-01-06,1087.93,0.953,0.66,491182,-1.2,2968.21,50.63
2021-01-07,1094.28,0.964,0.66,491182,-1.2,3031.68,50.83
2021-01-08,1092.93,0.978,0.66,491182,-1.2,3152.18,52.24
2021-01-11,1097.23,0.969,0.66,491182,-1.2,3148.45,52.25
2021-01-12,1094.48,0.976,0.66,491182,-1.2,3125.95,53.21
2021-01-13,1097.12,0.979,0.67,491182,-1.2,3148.29,52.91
2021-01-14,1095.88,0.988,0.67,491182,-1.2,3149.93,53.57
2021-01-15,1103.27,0.973,0.67,491182,-1.2,3085.9,52.36
2021-01-18,1102.52,0.968,0.69,491182,-1.2,3013.93,52.36
2021-01-19,1101.44,0.974,0.69,491182,-1.2,3092.66,52.98
2021-01-20,1096.35,0.976,0.69,491182,-1.2,3114.55,53.24
2021-01-21,1099.88,0.971,0.69,491182,-1.2,3160.84,53.13
2021-01-22,1105.41,0.993,0.69,491182,-1.2,3140.63,52.27
2021-01-25,1102.58,1.006,0.69,491182,-1.2,3208.99,52.77
2021-01-26,1101.02,1.007,0.69,491182,-1.2,3140.31,52.61
2021-01-27,1108.38,0.982,0.7,491182,-1.2,3122.56,52.85
2021-01-28,1112.52,0.977,0.7,491182,-1.2,3069.05,52.34
2021-01-29,1117.64,0.971,0.7,491182,-1.2,2976.21,52.2
